target,source,full_logloss,last_logloss,full_delta_vs_anchor,rank_score,fold0_logloss,fold1_logloss,fold2_logloss,fold3_logloss,fold4_logloss,selection_mode
Q1,arith:ridge_residual_composite:0.35+ridge_residual_full:0.65,0.5855061662467678,0.6122964059937438,-0.0049187176248599584,0.6160101934850892,0.5357277727096492,0.6142860294421408,0.5767375834163516,0.5921484162009542,0.6122964059937438,full
Q2,ridge_residual_full,0.692748402625535,0.6402496088524294,-0.00013145399838743188,0.658214934142662,0.7114412215913796,0.6311646818651453,0.7965853546476425,0.6834412210893676,0.6402496088524294,full
Q3,anchor,0.6626805461282007,0.6346920082407534,0.0,0.6442038137020795,0.6945061214538464,0.6727576578357087,0.6955517920765923,0.613734493992541,0.6346920082407534,full
S1,ridge_residual_full,0.49222608700655474,0.4491562441315338,-0.0001260662072972707,0.45494715737067865,0.4692555416461348,0.4867122640354755,0.5304858544650387,0.5249517662113709,0.4491562441315338,full
S2,ridge_residual_full,0.557305381933929,0.6114016780282701,-0.0028150237557792446,0.62122864381178,0.576521458528552,0.5249478254944415,0.5276028496651883,0.5477960196387022,0.6114016780282701,full
S3,logit:anchor:0.20+ridge_residual_full:0.80,0.5399526144924726,0.6052988647196763,-0.0015987600292155513,0.6148326996591595,0.504973395251292,0.5285594296998646,0.5646054392355698,0.502984766111534,0.6052988647196763,full
S4,logit:anchor:0.20+ridge_residual_full:0.80,0.6299170455355126,0.5867273150417892,-0.0008819920691123251,0.5927790674503332,0.658282149362652,0.5964140085032709,0.6438498568984747,0.6606767290342118,0.5867273150417892,full
