target,source,full_logloss,last_logloss,full_delta_vs_anchor,rank_score,fold0_logloss,fold1_logloss,fold2_logloss,fold3_logloss,fold4_logloss,selection_mode
Q1,arith:ridge_residual_composite:0.35+ridge_residual_full:0.65,0.5855061662467678,0.6122964059937438,-0.0049187176248599584,0.6160101934850892,0.5357277727096492,0.6142860294421408,0.5767375834163516,0.5921484162009542,0.6122964059937438,last
Q2,ridge_residual_composite,0.6928798566239225,0.6380843693004012,0.0,0.6562648363636675,0.711513567173958,0.6320549532598854,0.7975184800361131,0.6842455848228304,0.6380843693004012,last
Q3,anchor,0.6626805461282007,0.6346920082407534,0.0,0.6442038137020795,0.6945061214538464,0.6727576578357087,0.6955517920765923,0.613734493992541,0.6346920082407534,last
S1,ridge_residual_composite,0.49272978712192095,0.44850507445277377,0.0003776339080689417,0.45452627249189653,0.4698458051471985,0.48763422337619644,0.5303339052478852,0.5266595977840339,0.44850507445277377,last
S2,ridge_residual_composite,0.575161936219279,0.5888494846391424,0.015041530529570801,0.6045032426029373,0.6160932989192742,0.5271641217767805,0.5507078139507616,0.5912920768973997,0.5888494846391424,last
S3,logit:ridge_residual_composite:0.20+knn_targetwise_guarded:0.80,0.543222251639605,0.5995284475020077,0.0016708771179169135,0.6085425497626432,0.5070670826663956,0.5305421692146659,0.569726029117184,0.5154230152307389,0.5995284475020077,last
S4,ridge_residual_composite,0.6303357605200448,0.5841608779954007,-0.00046327708458016037,0.5906737669186803,0.6620808487480649,0.597239753714949,0.6421464625195162,0.6620003371820559,0.5841608779954007,last
