target,source,full_logloss,last_logloss,full_delta_vs_anchor,rank_score,fold0_logloss,fold1_logloss,fold2_logloss,fold3_logloss,fold4_logloss,selection_mode
Q1,arith:ridge_residual_composite:0.35+ridge_residual_full:0.65,0.5855061662467678,0.6122964059937438,-0.0049187176248599584,0.6160101934850892,0.5357277727096492,0.6142860294421408,0.5767375834163516,0.5921484162009542,0.6122964059937438,composite
Q2,ridge_residual_composite,0.6928798566239225,0.6380843693004012,0.0,0.6562648363636675,0.711513567173958,0.6320549532598854,0.7975184800361131,0.6842455848228304,0.6380843693004012,composite
Q3,anchor,0.6626805461282007,0.6346920082407534,0.0,0.6442038137020795,0.6945061214538464,0.6727576578357087,0.6955517920765923,0.613734493992541,0.6346920082407534,composite
S1,arith:anchor:0.20+ridge_residual_composite:0.80,0.49261107172895613,0.44861780586475647,0.0002589185151041229,0.4544968950670014,0.46995881948928664,0.48734385627602683,0.5299883588686404,0.5264737849064277,0.44861780586475647,composite
S2,arith:ridge_residual_composite:0.65+ridge_residual_full:0.35,0.5644180870650397,0.591542371942998,0.004297681375331486,0.6002228363027519,0.5990123362190103,0.5232192870957038,0.5367840535639653,0.5708891624611988,0.591542371942998,composite
S3,logit:ridge_residual_composite:0.65+knn_targetwise_guarded:0.35,0.5419957809295819,0.5997797095340244,0.0004444064078937826,0.6080394981969961,0.5050055058485524,0.5301939919170783,0.569089452380553,0.5122393184435661,0.5997797095340244,composite
S4,ridge_residual_composite,0.6303357605200448,0.5841608779954007,-0.00046327708458016037,0.5906737669186803,0.6620808487480649,0.597239753714949,0.6421464625195162,0.6620003371820559,0.5841608779954007,composite
