target,source,full_logloss,last_logloss,full_delta_vs_anchor,rank_score,fold0_logloss,fold1_logloss,fold2_logloss,fold3_logloss,fold4_logloss,selection_mode
Q1,ridge_residual_composite,0.5898889020581386,0.5984797793482457,-0.0005359818134891281,0.5990260908935916,0.5334081970299094,0.6319211600914815,0.5923280621961026,0.5964368233202003,0.5984797793482457,last
Q2,ridge_residual_composite,0.6940407398314826,0.636451957923523,0.0011608832075601372,0.6545986493930669,0.716926608357212,0.6253969209766423,0.7945970969750168,0.6953431248797436,0.636451957923523,last
Q3,ridge_residual_composite,0.6633066442802005,0.6336411202130555,0.0006260981519997655,0.6440315916331624,0.6958513088256187,0.6726186619002096,0.6978971377170513,0.6142788353574411,0.6336411202130555,last
S1,ridge_residual_composite,0.49203010038110845,0.44330326196597186,-0.0003220528327435579,0.4496684978108441,0.468091161281655,0.48871062920434055,0.5326688299710852,0.526555860303115,0.44330326196597186,last
S2,ridge_residual_composite,0.5566835766917694,0.5841610094151621,-0.0034368289979388456,0.5890295980275948,0.5811762406736896,0.522903811939987,0.5379154323735896,0.5573777572702442,0.5841610094151621,last
S3,logit:ridge_residual_composite:0.65+knn_targetwise_guarded:0.35,0.5402677289643486,0.5933127057803108,-0.0012836455573395078,0.6002278482291791,0.501477203563975,0.5299471224792937,0.573455816958104,0.5094424578694944,0.5933127057803108,last
S4,ridge_residual_composite,0.6244708200036657,0.5794766364134205,-0.006328217600959252,0.586590373307371,0.6550866158787237,0.576433022343837,0.6430442620060609,0.6646134759143687,0.5794766364134205,last
