target,source,full_logloss,last_logloss,full_delta_vs_anchor,rank_score,fold0_logloss,fold1_logloss,fold2_logloss,fold3_logloss,fold4_logloss,selection_mode
Q1,ridge_residual_composite,0.5898889020581386,0.5984797793482457,-0.0005359818134891281,0.5990260908935916,0.5334081970299094,0.6319211600914815,0.5923280621961026,0.5964368233202003,0.5984797793482457,composite
Q2,arith:anchor:0.20+ridge_residual_composite:0.80,0.6935117074727225,0.6366437138193223,0.0006318508488000196,0.6545857443833664,0.7157322861598051,0.6265643828831511,0.7949850792247882,0.6922520844917924,0.6366437138193223,composite
Q3,logit:anchor:0.20+ridge_residual_composite:0.80,0.6631646439764092,0.6338260936274139,0.0004840978482084646,0.6440258272589656,0.695568452551212,0.6726326941304609,0.6974052965614661,0.6141607425868997,0.6338260936274139,composite
S1,ridge_residual_composite,0.49203010038110845,0.44330326196597186,-0.0003220528327435579,0.4496684978108441,0.468091161281655,0.48871062920434055,0.5326688299710852,0.526555860303115,0.44330326196597186,composite
S2,ridge_residual_composite,0.5566835766917694,0.5841610094151621,-0.0034368289979388456,0.5890295980275948,0.5811762406736896,0.522903811939987,0.5379154323735896,0.5573777572702442,0.5841610094151621,composite
S3,logit:ridge_residual_composite:0.80+knn_targetwise_guarded:0.20,0.5404451263000907,0.5933392361440721,-0.001106248221597439,0.6001678919832045,0.5005968990631172,0.5304139300552525,0.5748423470116119,0.5094062876895463,0.5933392361440721,composite
S4,ridge_residual_composite,0.6244708200036657,0.5794766364134205,-0.006328217600959252,0.586590373307371,0.6550866158787237,0.576433022343837,0.6430442620060609,0.6646134759143687,0.5794766364134205,composite
