target,source,full_logloss,last_logloss,full_delta_vs_anchor,rank_score,fold0_logloss,fold1_logloss,fold2_logloss,fold3_logloss,fold4_logloss,selection_mode
Q1,ridge_residual_full,0.5879679030351407,0.606532805999241,-0.002456980836487044,0.6090954778720524,0.5344377418210166,0.6279702835911902,0.5925123364637841,0.582113197442527,0.606532805999241,full
Q2,arith:anchor:0.20+ridge_residual_full:0.80,0.6910087403127634,0.6471352824579595,-0.0018711163111591045,0.6645538922686688,0.7056060452219003,0.6267395819954474,0.7946195221090487,0.6808246145994988,0.6471352824579595,full
Q3,anchor,0.6626805461282007,0.6346920082407534,0.0,0.6442038137020795,0.6945061214538464,0.6727576578357087,0.6955517920765923,0.613734493992541,0.6346920082407534,full
S1,logit:ridge_residual_composite:0.35+ridge_residual_full:0.65,0.48976697309764744,0.45006742057382615,-0.0025851801162045662,0.4553176684840197,0.4656019303174815,0.48967741423420524,0.5239603805160189,0.5190996218053082,0.45006742057382615,full
S2,ridge_residual_full,0.5523303237543977,0.5924888746662645,-0.0077900819353105,0.5997704406155724,0.5718257411801718,0.5225637811533103,0.527765274225347,0.5479889858675647,0.5924888746662645,full
S3,ridge_residual_full,0.5077276302852942,0.6061629831879853,-0.03382374423639389,0.6213735179888792,0.47125714361397214,0.4861809776849146,0.5392001640813648,0.44496778028119754,0.6061629831879853,full
S4,ridge_residual_full,0.6226433776469414,0.5839384495097777,-0.008155659957683525,0.5907718293769757,0.6548408438339655,0.5680474978799893,0.6398469516811186,0.663143049599433,0.5839384495097777,full
