{
  "anchor": {
    "full_logloss": 0.595829751093375,
    "last_logloss": 0.5932822067983344
  },
  "sources": [
    "anchor",
    "ridge_residual_composite",
    "ridge_residual_full",
    "ridge_residual_last",
    "knn_targetwise_guarded"
  ],
  "args": {
    "bank_dir": "research/oof_sparse_greedy",
    "ridge_dir": "research/residual_single_model_opt_ridge_logit_newton",
    "output_dir": "research/constrained_target_blend_logit_newton",
    "submission_dir": "submissions/constrained_target_blend_logit_newton",
    "knn_full_guard": 0.003,
    "knn_min_last_gain": 0.0001,
    "weights": [
      0.2,
      0.35,
      0.5,
      0.65,
      0.8
    ],
    "full_cap": 0.004,
    "last_guard_grid": [
      0.0,
      0.002,
      0.004,
      0.006,
      0.008
    ],
    "penalty_last_guard": 0.0,
    "penalty_alpha_grid": [
      0.25,
      0.5,
      0.75,
      1.0
    ],
    "tradeoff_alpha_grid": [
      0.15,
      0.25,
      0.35,
      0.5
    ],
    "tail_guard": null
  },
  "candidate_scores": [
    {
      "candidate": "last",
      "full_logloss": 0.5957948704179553,
      "fold0_logloss": 0.596524956528473,
      "fold1_logloss": 0.5778756097291596,
      "fold2_logloss": 0.6256602222474016,
      "fold3_logloss": 0.5983547592071937,
      "fold4_logloss": 0.5805030316105346,
      "last_logloss": 0.5805030316105346,
      "tail3_mean": 0.6015060043550433,
      "tail3_worst": 0.6256602222474016,
      "fold_std": 0.01705265323557303,
      "full_delta_vs_anchor": -3.488067541967954e-05,
      "last_delta_vs_anchor": -0.012779175187799807,
      "rank_score": 0.5853338751890063,
      "selector_mode": "last",
      "selector_last_guard": 0.0,
      "selector_full_cap": 0.004,
      "selector_alpha": 0.0
    },
    {
      "candidate": "composite",
      "full_logloss": 0.5943991703462966,
      "fold0_logloss": 0.5931509525943206,
      "fold1_logloss": 0.5781101245987051,
      "fold2_logloss": 0.6246059130443687,
      "fold3_logloss": 0.5952699693560319,
      "fold4_logloss": 0.581027967783383,
      "last_logloss": 0.581027967783383,
      "tail3_mean": 0.6003012833945945,
      "tail3_worst": 0.6246059130443687,
      "fold_std": 0.01648563007549342,
      "full_delta_vs_anchor": -0.0014305807470783583,
      "last_delta_vs_anchor": -0.012254239014951485,
      "rank_score": 0.5858888937133377,
      "selector_mode": "composite",
      "selector_last_guard": 0.0,
      "selector_full_cap": 0.004,
      "selector_alpha": 0.0
    },
    {
      "candidate": "tradeoff_cap_a0p5",
      "full_logloss": 0.588695927319815,
      "fold0_logloss": 0.5876310239649621,
      "fold1_logloss": 0.5713297702105299,
      "fold2_logloss": 0.6179802323127632,
      "fold3_logloss": 0.5833606200146384,
      "fold4_logloss": 0.5838721654497869,
      "last_logloss": 0.5838721654497869,
      "tail3_mean": 0.5950710059257295,
      "tail3_worst": 0.6179802323127632,
      "fold_std": 0.01556872350293793,
      "full_delta_vs_anchor": -0.007133823773559977,
      "last_delta_vs_anchor": -0.009410041348547504,
      "rank_score": 0.5884540107271937,
      "selector_mode": "tradeoff_cap",
      "selector_last_guard": 0.0,
      "selector_full_cap": 0.004,
      "selector_alpha": 0.5
    },
    {
      "candidate": "tradeoff_cap_a0p35",
      "full_logloss": 0.588345096463546,
      "fold0_logloss": 0.5871646655344899,
      "fold1_logloss": 0.5712041490965254,
      "fold2_logloss": 0.6173240668679216,
      "fold3_logloss": 0.5821040558596168,
      "fold4_logloss": 0.5846951252639195,
      "last_logloss": 0.5846951252639195,
      "tail3_mean": 0.5947077493304861,
      "tail3_worst": 0.6173240668679216,
      "fold_std": 0.015408709018085802,
      "full_delta_vs_anchor": -0.007484654629828946,
      "last_delta_vs_anchor": -0.008587081534414898,
      "rank_score": 0.5892183887714066,
      "selector_mode": "tradeoff_cap",
      "selector_last_guard": 0.0,
      "selector_full_cap": 0.004,
      "selector_alpha": 0.35
    },
    {
      "candidate": "tradeoff_cap_a0p25",
      "full_logloss": 0.5882711842271381,
      "fold0_logloss": 0.5868884975100135,
      "fold1_logloss": 0.5712004293752038,
      "fold2_logloss": 0.6173074089926701,
      "fold3_logloss": 0.5818164988245448,
      "fold4_logloss": 0.5849415668379857,
      "last_logloss": 0.5849415668379857,
      "tail3_mean": 0.5946884915517335,
      "tail3_worst": 0.6173074089926701,
      "fold_std": 0.015421067692091216,
      "full_delta_vs_anchor": -0.007558566866236904,
      "last_delta_vs_anchor": -0.008340639960348728,
      "rank_score": 0.589465350326173,
      "selector_mode": "tradeoff_cap",
      "selector_last_guard": 0.0,
      "selector_full_cap": 0.004,
      "selector_alpha": 0.25
    },
    {
      "candidate": "last_guard_0",
      "full_logloss": 0.588583775040563,
      "fold0_logloss": 0.5870836945598218,
      "fold1_logloss": 0.572012739051177,
      "fold2_logloss": 0.6173609845769665,
      "fold3_logloss": 0.5810495219918103,
      "fold4_logloss": 0.5862742986751225,
      "last_logloss": 0.5862742986751225,
      "tail3_mean": 0.5948949350812996,
      "tail3_worst": 0.6173609845769665,
      "fold_std": 0.015276957680008037,
      "full_delta_vs_anchor": -0.007245976052811964,
      "last_delta_vs_anchor": -0.007007908123211948,
      "rank_score": 0.5907675085742559,
      "selector_mode": "last_guard",
      "selector_last_guard": 0.0,
      "selector_full_cap": 0.004,
      "selector_alpha": 0.0
    },
    {
      "candidate": "positive_last_penalty_a1",
      "full_logloss": 0.5885832970690948,
      "fold0_logloss": 0.587068122306353,
      "fold1_logloss": 0.5720321705712985,
      "fold2_logloss": 0.6174626650795233,
      "fold3_logloss": 0.5809315825054021,
      "fold4_logloss": 0.5862893647648392,
      "last_logloss": 0.5862893647648392,
      "tail3_mean": 0.5948945374499215,
      "tail3_worst": 0.6174626650795233,
      "fold_std": 0.015322622603979263,
      "full_delta_vs_anchor": -0.007246454024280147,
      "last_delta_vs_anchor": -0.006992842033495261,
      "rank_score": 0.5908029902907596,
      "selector_mode": "positive_last_penalty",
      "selector_last_guard": 0.0,
      "selector_full_cap": 0.004,
      "selector_alpha": 1.0
    },
    {
      "candidate": "tradeoff_cap_a0p15",
      "full_logloss": 0.5878979524532022,
      "fold0_logloss": 0.5860813013611408,
      "fold1_logloss": 0.5707557796148043,
      "fold2_logloss": 0.6167034775677716,
      "fold3_logloss": 0.5802647635585297,
      "fold4_logloss": 0.5866303472928861,
      "last_logloss": 0.5866303472928861,
      "tail3_mean": 0.5945328628063957,
      "tail3_worst": 0.6167034775677716,
      "fold_std": 0.015405233107114655,
      "full_delta_vs_anchor": -0.007931798640172794,
      "last_delta_vs_anchor": -0.006651859505448332,
      "rank_score": 0.5910644702451613,
      "selector_mode": "tradeoff_cap",
      "selector_last_guard": 0.0,
      "selector_full_cap": 0.004,
      "selector_alpha": 0.15
    },
    {
      "candidate": "positive_last_penalty_a0p75",
      "full_logloss": 0.5884956903655248,
      "fold0_logloss": 0.5869896277861072,
      "fold1_logloss": 0.5716221386225172,
      "fold2_logloss": 0.6170597439338374,
      "fold3_logloss": 0.581018437728912,
      "fold4_logloss": 0.5866764248311557,
      "last_logloss": 0.5866764248311557,
      "tail3_mean": 0.5949182021646351,
      "tail3_worst": 0.6170597439338374,
      "fold_std": 0.015244352937922517,
      "full_delta_vs_anchor": -0.007334060727850145,
      "last_delta_vs_anchor": -0.006605781967178759,
      "rank_score": 0.5911047331849961,
      "selector_mode": "positive_last_penalty",
      "selector_last_guard": 0.0,
      "selector_full_cap": 0.004,
      "selector_alpha": 0.75
    },
    {
      "candidate": "last_guard_0p002",
      "full_logloss": 0.5884112776867896,
      "fold0_logloss": 0.5865209367185579,
      "fold1_logloss": 0.5718847978381276,