target,source,full_logloss,last_logloss,full_delta_vs_anchor,rank_score,fold0_logloss,fold1_logloss,fold2_logloss,fold3_logloss,fold4_logloss,selection_mode
Q1,anchor,0.5904248838716277,0.6185058715032128,0.0,0.6233982693683049,0.542826510063604,0.6312121035496189,0.5935222474440965,0.5701035275859474,0.6185058715032128,last
Q2,logit:anchor:0.20+ridge_residual_composite:0.80,0.6928798566239225,0.6380843693004012,0.0,0.6562648363636675,0.711513567173958,0.6320549532598854,0.7975184800361131,0.6842455848228304,0.6380843693004012,last
Q3,arith:anchor:0.20+ridge_residual_composite:0.50+knn_targetwise_guarded:0.30,0.6626805461282006,0.6346920082407534,-1.1102230246251565e-16,0.6442038137020795,0.6945061214538462,0.6727576578357087,0.6955517920765923,0.613734493992541,0.6346920082407534,last
S1,logit:anchor:0.65+ridge_residual_full:0.35,0.4889969074517049,0.4327141718897659,-0.00335524576214713,0.4396189485958503,0.47040359846242813,0.4867948647174543,0.5299379223896,0.5235900222981676,0.4327141718897659,last
S2,ridge_residual_composite,0.5616316446878189,0.5867256036298656,0.0015112389981106755,0.5926819746203822,0.586087075466227,0.5315899472503148,0.5324740247428502,0.5708999148850425,0.5867256036298656,last
S3,logit:ridge_residual_composite:0.35+knn_targetwise_guarded:0.65,0.541335808833598,0.5954033437430996,-0.00021556568809011356,0.6025987575364451,0.5048217581965466,0.5296815337298241,0.569641858152581,0.5132336224334355,0.5954033437430996,last
S4,anchor,0.630799037604625,0.5886543846409902,0.0,0.5941676182721094,0.6568138600711415,0.5959304507305941,0.649066667040829,0.6602097780743036,0.5886543846409902,last
