target,chosen,weights,full_logloss,last_logloss,anchor_full,anchor_last,full_delta_vs_anchor,last_delta_vs_anchor
Q1,anchor0.5_cat0.5,"{""anchor"": 0.5, ""cat"": 0.5}",0.5855994871449712,0.6157796561674942,0.5904248838716277,0.6185058715032128,-0.0048253967266564946,-0.002726215335718596
Q2,anchor0.5_lgbm0.5,"{""anchor"": 0.5, ""lgbm"": 0.5}",0.6730180699522131,0.6321891864496959,0.6928798566239225,0.6380843693004014,-0.019861786671709347,-0.005895182850705449
Q3,anchor,"{""anchor"": 1.0}",0.6626805461282007,0.6346920082407534,0.6626805461282007,0.6346920082407534,0.0,0.0
S1,anchor,"{""anchor"": 1.0}",0.492352153213852,0.4495444660169762,0.492352153213852,0.4495444660169762,0.0,0.0
S2,anchor0.7_lgbm0.3,"{""anchor"": 0.7, ""lgbm"": 0.30000000000000004}",0.5590284799029491,0.6204634003841303,0.5601204056897082,0.6228153228954334,-0.001091925786759096,-0.0023519225113031172
S3,anchor0.9_xgb0.1,"{""anchor"": 0.9, ""xgb"": 0.09999999999999998}",0.541545143090316,0.6006003097543898,0.5415513745216881,0.6006790249905736,-6.2314313721278936e-06,-7.87152361837462e-05
S4,anchor0.1_lgbm0.9,"{""anchor"": 0.1, ""lgbm"": 0.9}",0.6328251164557965,0.5700678171498715,0.630799037604625,0.5886543846409902,0.0020260788511715644,-0.018586567491118644
