target,chosen,weights,full_logloss,last_logloss,anchor_full,anchor_last,full_delta_vs_anchor,last_delta_vs_anchor
Q1,anchor0.4_cat0.6,"{""anchor"": 0.4, ""cat"": 0.6}",0.5849201509283903,0.6145260346420109,0.5904248838716277,0.6185058715032128,-0.005504732943237389,-0.003979836861201846
Q2,anchor0.5_lgbm0.5,"{""anchor"": 0.5, ""lgbm"": 0.5}",0.6739921056714722,0.6321067618329052,0.6928798566239225,0.6380843693004014,-0.018887750952450322,-0.005977607467496204
Q3,anchor,"{""anchor"": 1.0}",0.6626805461282007,0.6346920082407534,0.6626805461282007,0.6346920082407534,0.0,0.0
S1,anchor,"{""anchor"": 1.0}",0.492352153213852,0.4495444660169762,0.492352153213852,0.4495444660169762,0.0,0.0
S2,anchor0.6_lgbm0.4,"{""anchor"": 0.6, ""lgbm"": 0.4}",0.5584042066909419,0.6181539180247626,0.5601204056897082,0.6228153228954334,-0.001716198998766294,-0.004661404870670793
S3,anchor,"{""anchor"": 1.0}",0.5415513745216881,0.6006790249905736,0.5415513745216881,0.6006790249905736,0.0,0.0
S4,anchor0.1_lgbm0.9,"{""anchor"": 0.1, ""lgbm"": 0.9}",0.631923249586155,0.5675256492838903,0.630799037604625,0.5886543846409902,0.00112421198153001,-0.021128735357099915
