target,chosen,weights,full_logloss,last_logloss,anchor_full,anchor_last,full_delta_vs_anchor,last_delta_vs_anchor,fallback_reason
Q1,anchor0.6_lgbm0.4,"{""anchor"": 0.6, ""lgbm"": 0.4}",0.5892591953925524,0.6162848074569254,0.5904248838716277,0.6185058715032128,-0.0011656884790752775,-0.002221064046287413,accepted: candidate improved last-block enough and stayed inside full-CV guard
Q2,anchor0.5_lgbm0.5,"{""anchor"": 0.5, ""lgbm"": 0.5}",0.6734950983544576,0.6334574021463372,0.6928798566239225,0.6380843693004014,-0.01938475826946484,-0.004626967154064188,accepted: candidate improved last-block enough and stayed inside full-CV guard
Q3,anchor_guard_fallback,"{""anchor"": 1.0}",0.6626805461282007,0.6346920082407534,0.6626805461282007,0.6346920082407534,0.0,0.0,fallback_to_anchor: no candidate passed full_guard=0.004 and min_last_gain=5e-05
S1,anchor_guard_fallback,"{""anchor"": 1.0}",0.492352153213852,0.4495444660169762,0.492352153213852,0.4495444660169762,0.0,0.0,fallback_to_anchor: no candidate passed full_guard=0.004 and min_last_gain=5e-05
S2,anchor0.7_lgbm0.3,"{""anchor"": 0.7, ""lgbm"": 0.30000000000000004}",0.5592311026282286,0.6202674702722878,0.5601204056897082,0.6228153228954334,-0.0008893030614796071,-0.002547852623145608,accepted: candidate improved last-block enough and stayed inside full-CV guard
S3,anchor0.9_xgb0.1,"{""anchor"": 0.9, ""xgb"": 0.09999999999999998}",0.5415496242532334,0.6004166787818008,0.5415513745216881,0.6006790249905736,-1.7502684547254788e-06,-0.0002623462087727457,accepted: candidate improved last-block enough and stayed inside full-CV guard
S4,anchor0.2_lgbm0.8,"{""anchor"": 0.2, ""lgbm"": 0.8}",0.6305660802685725,0.5717897013536388,0.630799037604625,0.5886543846409902,-0.00023295733605244173,-0.016864683287351356,accepted: candidate improved last-block enough and stayed inside full-CV guard
