{
  "purpose": "Non-LGB/XGB/Cat diverse single models plus OOF stacking and submission blending.",
  "models": [
    "logreg_enet",
    "hist_gb",
    "extra_trees",
    "feature_knn"
  ],
  "top_k": 140,
  "best_by_rank_score": [
    {
      "candidate": "feature_knn_anchblend",
      "full_logloss": 0.5965308603808165,
      "fold0_logloss": 0.5941313438946378,
      "fold1_logloss": 0.583144850913882,
      "fold2_logloss": 0.6199107664447677,
      "fold3_logloss": 0.5945229072851055,
      "fold4_logloss": 0.5914881889191689,
      "last_logloss": 0.5914881889191689,
      "tail3_mean": 0.6019739542163474,
      "tail3_worst": 0.6199107664447677,
      "fold_std": 0.012336646330829046,
      "notes": "target-wise guarded anchor blend",
      "full_delta_vs_anchor": 0.0007011092874414926,
      "last_delta_vs_anchor": -0.0017940178791655548,
      "rank_score": 0.5988177371302783
    },
    {
      "candidate": "logreg_enet_anchblend",
      "full_logloss": 0.5959473500468793,
      "fold0_logloss": 0.5941730303824517,
      "fold1_logloss": 0.580762446619838,
      "fold2_logloss": 0.6215886176838118,
      "fold3_logloss": 0.5918085863689415,
      "fold4_logloss": 0.5920718503130395,
      "last_logloss": 0.5920718503130395,
      "tail3_mean": 0.601823018121931,
      "tail3_worst": 0.6215886176838118,
      "fold_std": 0.013588699606873752,
      "notes": "target-wise guarded anchor blend",
      "full_delta_vs_anchor": 0.00011759895350427207,
      "last_delta_vs_anchor": -0.0012103564852948834,
      "rank_score": 0.5991662085899543
    },
    {
      "candidate": "subblend_logit_feature_knn_anchblend_50_50knn",
      "full_logloss": 0.5962619801322394,
      "fold0_logloss": 0.59368830041948,
      "fold1_logloss": 0.5826127928205936,
      "fold2_logloss": 0.6214436376499943,
      "fold3_logloss": 0.5923612998519779,
      "fold4_logloss": 0.5918567055676895,
      "last_logloss": 0.5918567055676895,
      "tail3_mean": 0.6018872143565539,
      "tail3_worst": 0.6214436376499943,
      "fold_std": 0.013126892462687844,
      "notes": "submission-level logit blend with KNN guarded",
      "full_delta_vs_anchor": 0.0004322290388644179,
      "last_delta_vs_anchor": -0.0014255012306448878,
      "rank_score": 0.5993497972786904
    },
    {
      "candidate": "subblend_arith_feature_knn_anchblend_50_50knn",
      "full_logloss": 0.5962600831950178,
      "fold0_logloss": 0.5936973421201566,
      "fold1_logloss": 0.5826189082484463,
      "fold2_logloss": 0.6214348020797147,
      "fold3_logloss": 0.5923259333206896,
      "fold4_logloss": 0.5918770208298447,
      "last_logloss": 0.5918770208298447,
      "tail3_mean": 0.6018792520767496,
      "tail3_worst": 0.6214348020797147,
      "fold_std": 0.013122645323662783,
      "notes": "submission-level arith blend with KNN guarded",
      "full_delta_vs_anchor": 0.000430332101642783,
      "last_delta_vs_anchor": -0.0014051859684897083,
      "rank_score": 0.5993669614833467
    },
    {
      "candidate": "extra_trees_anchblend",
      "full_logloss": 0.5955058082649696,
      "fold0_logloss": 0.592169452078951,
      "fold1_logloss": 0.5814953953059788,
      "fold2_logloss": 0.6200299360994821,
      "fold3_logloss": 0.5915674197519175,
      "fold4_logloss": 0.593060767349564,
      "last_logloss": 0.593060767349564,
      "tail3_mean": 0.6015527077336545,
      "tail3_worst": 0.6200299360994821,
      "fold_std": 0.012885797253941183,
      "notes": "target-wise guarded anchor blend",
      "full_delta_vs_anchor": -0.0003239428284054213,
      "last_delta_vs_anchor": -0.00022143944877039967,
      "rank_score": 0.5995277972776036
    },
    {
      "candidate": "subblend_logit_logreg_enet_anchblend_50_50knn",
      "full_logloss": 0.5960002276526691,
      "fold0_logloss": 0.5937325310101267,
      "fold1_logloss": 0.5814265591446238,
      "fold2_logloss": 0.6223007994438499,
      "fold3_logloss": 0.5910538902058793,
      "fold4_logloss": 0.5922037735974645,
      "last_logloss": 0.5922037735974645,
      "tail3_mean": 0.6018528210823978,
      "tail3_worst": 0.6223007994438499,
      "fold_std": 0.013769756757391718,
      "notes": "submission-level logit blend with KNN guarded",
      "full_delta_vs_anchor": 0.00017047655929414152,
      "last_delta_vs_anchor": -0.001078433200869977,
      "rank_score": 0.5996162808629139
    },
    {
      "candidate": "subblend_arith_logreg_enet_anchblend_50_50knn",
      "full_logloss": 0.5960037308805697,
      "fold0_logloss": 0.5937453833991108,
      "fold1_logloss": 0.5814262312417491,
      "fold2_logloss": 0.6222733421109611,
      "fold3_logloss": 0.5910716862885774,
      "fold4_logloss": 0.5922176808507819,
      "last_logloss": 0.5922176808507819,
      "tail3_mean": 0.6018542364167735,
      "tail3_worst": 0.6222733421109611,
      "fold_std": 0.013756837611783335,
      "notes": "submission-level arith blend with KNN guarded",
      "full_delta_vs_anchor": 0.0001739797871946891,
      "last_delta_vs_anchor": -0.0010645259475525748,
      "rank_score": 0.5996253375245395
    },
    {
      "candidate": "subblend_logit_extra_trees_anchblend_50_50knn",
      "full_logloss": 0.5958485561722068,
      "fold0_logloss": 0.5927937064461896,
      "fold1_logloss": 0.5818944491168633,
      "fold2_logloss": 0.6215774076876418,
      "fold3_logloss": 0.5909930919718998,
      "fold4_logloss": 0.5927631770531189,
      "last_logloss": 0.5927631770531189,
      "tail3_mean": 0.6017778922375535,
      "tail3_worst": 0.6215774076876418,
      "fold_std": 0.01340892779868295,
      "notes": "submission-level logit blend with KNN guarded",
      "full_delta_vs_anchor": 1.880507883178506e-05,
      "last_delta_vs_anchor": -0.0005190297452155601,
      "rank_score": 0.5997212150788975
    },
    {
      "candidate": "subblend_logit_feature_knn_anchblend_35_65knn",
      "full_logloss": 0.5962671891101918,
      "fold0_logloss": 0.5936386590604421,
      "fold1_logloss": 0.5825446667779888,
      "fold2_logloss": 0.6219802093490897,
      "fold3_logloss": 0.5917940589860416,
      "fold4_logloss": 0.5920644708423257,
      "last_logloss": 0.5920644708423257,
      "tail3_mean": 0.6019462463924857,
      "tail3_worst": 0.6219802093490897,
      "fold_std": 0.013371266066822731,
      "notes": "submission-level logit blend with KNN guarded",
      "full_delta_vs_anchor": 0.0004374380168168379,
      "last_delta_vs_anchor": -0.0012177359560087142,
      "rank_score": 0.5997325149023623
    },
    {
      "candidate": "subblend_arith_extra_trees_anchblend_50_50knn",
      "full_logloss": 0.5958585793964681,
      "fold0_logloss": 0.5928146144007977,
      "fold1_logloss": 0.5819022453269936,
      "fold2_logloss": 0.6215873069810504,
      "fold3_logloss": 0.5910048104868812,
      "fold4_logloss": 0.5927617325522326,
      "last_logloss": 0.5927617325522326,
      "tail3_mean": 0.6017846166733881,
      "tail3_worst": 0.6215873069810504,
      "fold_std": 0.01340925755692638,
      "notes": "submission-level arith blend with KNN guarded",
      "full_delta_vs_anchor": 2.8828303093142438e-05,
      "last_delta_vs_anchor": -0.0005204742461017986,
      "rank_score": 0.5997359166145542
    },
    {
      "candidate": "subblend_arith_feature_knn_anchblend_35_65knn",
      "full_logloss": 0.5962657237319803,
      "fold0_logloss": 0.5936479307245488,
      "fold1_logloss": 0.5825493196301703,
      "fold2_logloss": 0.621971861101904,
      "fold3_logloss": 0.5917640580611704,
      "fold4_logloss": 0.59208213074917,
      "last_logloss": 0.59208213074917,
      "tail3_mean": 0.6019393499707482,
      "tail3_worst": 0.621971861101904,
      "fold_std": 0.013367656622811417,
      "notes": "submission-level arith blend with KNN guarded",
      "full_delta_vs_anchor": 0.00043597263860528646,
      "last_delta_vs_anchor": -0.0012000760491643891,