{
  "submitted": "/Users/parkyeonggon/Projects/dacon/dacon-etri-human-ai/submissions/constrained_target_blend_logit_newton/last_guard_0p008_last0.588383_full0.587743.csv",
  "candidate_scores": [
    {
      "candidate": "core_plus_s1_q2q3",
      "full_logloss": 0.59349550571641,
      "last_logloss": 0.5791128759726945,
      "fold_std": 0.014610439886113257,
      "tail3_worst": 0.6205258129788104,
      "test_abs_delta_mean_vs_anchor": 0.004007698179369826,
      "fold0_logloss": 0.5928642360455447,
      "fold1_logloss": 0.582139775076284,
      "fold2_logloss": 0.6205258129788104,
      "fold3_logloss": 0.592805380398918,
      "fold4_logloss": 0.5791128759726945,
      "mean_abs_diff_to_submitted": 0.019924461069108425,
      "flat_corr_to_submitted": 0.9849925604691443
    },
    {
      "candidate": "core_plus_s1_q2tiny_q3",
      "full_logloss": 0.5935870523177786,
      "last_logloss": 0.5798230618919676,
      "fold_std": 0.014681412085441072,
      "tail3_worst": 0.6213160958404993,
      "test_abs_delta_mean_vs_anchor": 0.0037049089699908422,
      "fold0_logloss": 0.5922304465223768,
      "fold1_logloss": 0.5829069178067726,
      "fold2_logloss": 0.6213160958404993,
      "fold3_logloss": 0.5917249989909568,
      "fold4_logloss": 0.5798230618919676,
      "mean_abs_diff_to_submitted": 0.019747401815578044,
      "flat_corr_to_submitted": 0.9850442164905674
    },
    {
      "candidate": "core_plus_q2q3",
      "full_logloss": 0.5939966290496284,
      "last_logloss": 0.5817658818544384,
      "fold_std": 0.014118586106893666,
      "tail3_worst": 0.6205258129788104,
      "test_abs_delta_mean_vs_anchor": 0.0037870503483843957,
      "fold0_logloss": 0.5928642360455447,
      "fold1_logloss": 0.582139775076284,
      "fold2_logloss": 0.6205258129788104,
      "fold3_logloss": 0.592805380398918,
      "fold4_logloss": 0.5817658818544384,
      "mean_abs_diff_to_submitted": 0.01987745465699398,
      "flat_corr_to_submitted": 0.9851713316421306
    },
    {
      "candidate": "core_plus_s1",
      "full_logloss": 0.5931386900267489,
      "last_logloss": 0.5820152153978544,
      "fold_std": 0.014136108778326844,
      "tail3_worst": 0.6201983006230591,
      "test_abs_delta_mean_vs_anchor": 0.003484682355814076,
      "fold0_logloss": 0.5908545835107567,
      "fold1_logloss": 0.5815277314744309,
      "fold2_logloss": 0.6201983006230591,
      "fold3_logloss": 0.5913566785790664,
      "fold4_logloss": 0.5820152153978544,
      "mean_abs_diff_to_submitted": 0.019566870369465514,
      "flat_corr_to_submitted": 0.9852444371865708
    },
    {
      "candidate": "core_plus_q3",
      "full_logloss": 0.5940401221833624,
      "last_logloss": 0.5829149154328265,
      "fold_std": 0.014386207725547903,
      "tail3_worst": 0.6217512916091287,
      "test_abs_delta_mean_vs_anchor": 0.003405262191180085,
      "fold0_logloss": 0.5915259305063978,
      "fold1_logloss": 0.5825740132179632,
      "fold2_logloss": 0.6217512916091287,
      "fold3_logloss": 0.5917249989909568,
      "fold4_logloss": 0.5829149154328265,
      "mean_abs_diff_to_submitted": 0.019661091623702498,
      "flat_corr_to_submitted": 0.9852483993720728
    },
    {
      "candidate": "core_q1down_s2wide_s4tight",
      "full_logloss": 0.5939857744782511,
      "last_logloss": 0.5832242923384848,
      "fold_std": 0.014312117273259747,
      "tail3_worst": 0.621400169586608,
      "test_abs_delta_mean_vs_anchor": 0.004916631104628405,
      "fold0_logloss": 0.5919368679287536,
      "fold1_logloss": 0.5818201230615966,
      "fold2_logloss": 0.621400169586608,
      "fold3_logloss": 0.5918317042965203,
      "fold4_logloss": 0.5832242923384848,
      "mean_abs_diff_to_submitted": 0.01970282904482193,
      "flat_corr_to_submitted": 0.9846752252139995
    },
    {
      "candidate": "core_plus_q2",
      "full_logloss": 0.593596320226233,
      "last_logloss": 0.5835191877012103,
      "fold_std": 0.013454654869434424,
      "tail3_worst": 0.6189728219927408,
      "test_abs_delta_mean_vs_anchor": 0.003645822682032956,
      "fold0_logloss": 0.5921928890499039,
      "fold1_logloss": 0.5810934933327517,
      "fold2_logloss": 0.6189728219927408,
      "fold3_logloss": 0.5924370599870276,
      "fold4_logloss": 0.5835191877012103,
      "mean_abs_diff_to_submitted": 0.019736226990642536,
      "flat_corr_to_submitted": 0.9853411820703935
    },
    {
      "candidate": "core_q1down_s2mid_s4tight",
      "full_logloss": 0.593643832677297,
      "last_logloss": 0.5835539703651117,
      "fold_std": 0.01385017856387828,
      "tail3_worst": 0.620187789839124,
      "test_abs_delta_mean_vs_anchor": 0.003702189244117808,
      "fold0_logloss": 0.5912165819182619,
      "fold1_logloss": 0.5816460943241258,
      "fold2_logloss": 0.620187789839124,
      "fold3_logloss": 0.5919312291447901,
      "fold4_logloss": 0.5835539703651117,
      "mean_abs_diff_to_submitted": 0.019795433480728465,
      "flat_corr_to_submitted": 0.9846800213768526
    },
    {
      "candidate": "core_plus_q2tiny",
      "full_logloss": 0.5936878668276017,
      "last_logloss": 0.5842293736204835,
      "fold_std": 0.013558826546334106,
      "tail3_worst": 0.6197631048544298,
      "test_abs_delta_mean_vs_anchor": 0.003343033472653973,
      "fold0_logloss": 0.5915590995267358,
      "fold1_logloss": 0.5818606360632403,
      "fold2_logloss": 0.6197631048544298,
      "fold3_logloss": 0.5913566785790664,
      "fold4_logloss": 0.5842293736204835,
      "mean_abs_diff_to_submitted": 0.01955916773711215,
      "flat_corr_to_submitted": 0.9853916669878193
    },
    {
      "candidate": "core_q1down_s2tight_s4mid",
      "full_logloss": 0.5934100694323694,
      "last_logloss": 0.5844974172948362,
      "fold_std": 0.013788902960655934,
      "tail3_worst": 0.6199025754227334,
      "test_abs_delta_mean_vs_anchor": 0.003480628993262983,
      "fold0_logloss": 0.5905584713129982,
      "fold1_logloss": 0.5808296554776621,
      "fold2_logloss": 0.6199025754227334,
      "fold3_logloss": 0.5916733045505769,
      "fold4_logloss": 0.5844974172948362,
      "mean_abs_diff_to_submitted": 0.019383076288925605,
      "flat_corr_to_submitted": 0.9855525092300662
    },
    {
      "candidate": "core_q1down_s2tight_s4tight",
      "full_logloss": 0.5936398133599672,
      "last_logloss": 0.5846682212795985,
      "fold_std": 0.01375123563465615,
      "tail3_worst": 0.6201983006230591,
      "test_abs_delta_mean_vs_anchor": 0.003264034524828646,
      "fold0_logloss": 0.5908545835107567,
      "fold1_logloss": 0.5815277314744309,
      "fold2_logloss": 0.6201983006230591,
      "fold3_logloss": 0.5913566785790664,
      "fold4_logloss": 0.5846682212795985,
      "mean_abs_diff_to_submitted": 0.019519863957351058,
      "flat_corr_to_submitted": 0.9854196765856555
    },
    {
      "candidate": "core_q1up_s2tight_s4tight",
      "full_logloss": 0.5943582413979948,
      "last_logloss": 0.584922358791834,
      "fold_std": 0.013897920282230039,
      "tail3_worst": 0.6208947184654343,
      "test_abs_delta_mean_vs_anchor": 0.0030338612879016683,
      "fold0_logloss": 0.5914227210578711,
      "fold1_logloss": 0.5815945172157708,
      "fold2_logloss": 0.6208947184654343,
      "fold3_logloss": 0.5933386081285782,
      "fold4_logloss": 0.584922358791834,
      "mean_abs_diff_to_submitted": 0.019105685129343117,
      "flat_corr_to_submitted": 0.9867693165927447
    }
  ]
}