{
  "purpose": "Target-specific compact raw timeline single-model sources with FP diagnostics.",
  "feature_matrix": {
    "train_shape": [
      450,
      1920
    ],
    "test_shape": [
      250,
      1920
    ]
  },
  "scopes": [
    "target",
    "all"
  ],
  "profiles": [
    "compact",
    "mid"
  ],
  "weight_profiles": [
    "uniform",
    "fp_guard",
    "recent_fp_guard"
  ],
  "top_k_grid": [
    60,
    120,
    220
  ],
  "seeds": [
    42,
    7
  ],
  "early_stopping_rounds": 120,
  "anchor": {
    "full_logloss": 0.595829751093375,
    "last_logloss": 0.5932822067983344
  },
  "candidate_scores": [
    {
      "candidate": "raw_timeline_full",
      "full_logloss": 0.5844335601458308,
      "last_logloss": 0.5864145613334876,
      "full_delta_vs_anchor": -0.011396190947544182,
      "last_delta_vs_anchor": -0.006867645464846861,
      "fold_std": 0.007582563893037694,
      "tail3_mean": 0.5880151128954401,
      "tail3_worst": 0.5971392361347824,
      "fold0_logloss": 0.5845586709369488,
      "fold1_logloss": 0.57410777563257,
      "fold2_logloss": 0.5971392361347824,
      "fold3_logloss": 0.5804915412180502,
      "fold4_logloss": 0.5864145613334876,
      "Q1_fp_rate": 0.13777777777777778,
      "Q1_fn_rate": 0.16666666666666666,
      "Q1_pred_pos_rate": 0.4666666666666667,
      "Q1_true_pos_rate": 0.4955555555555556,
      "Q1_brier": 0.20246830232784183,
      "Q2_fp_rate": 0.37777777777777777,
      "Q2_fn_rate": 0.028888888888888888,
      "Q2_pred_pos_rate": 0.9111111111111111,
      "Q2_true_pos_rate": 0.5622222222222222,
      "Q2_brier": 0.2400835161316639,
      "Q3_fp_rate": 0.3,
      "Q3_fn_rate": 0.07777777777777778,
      "Q3_pred_pos_rate": 0.8222222222222222,
      "Q3_true_pos_rate": 0.6,
      "Q3_brier": 0.22846607472091446,
      "S1_fp_rate": 0.15555555555555556,
      "S1_fn_rate": 0.07555555555555556,
      "S1_pred_pos_rate": 0.7622222222222222,
      "S1_true_pos_rate": 0.6822222222222222,
      "S1_brier": 0.1587189506017532,
      "S2_fp_rate": 0.19111111111111112,
      "S2_fn_rate": 0.08,
      "S2_pred_pos_rate": 0.7622222222222222,
      "S2_true_pos_rate": 0.6511111111111111,
      "S2_brier": 0.18158790044976755,
      "S3_fp_rate": 0.2088888888888889,
      "S3_fn_rate": 0.05555555555555555,
      "S3_pred_pos_rate": 0.8155555555555556,
      "S3_true_pos_rate": 0.6622222222222223,
      "S3_brier": 0.1769188077699328,
      "S4_fp_rate": 0.21777777777777776,
      "S4_fn_rate": 0.14666666666666667,
      "S4_pred_pos_rate": 0.6311111111111111,
      "S4_true_pos_rate": 0.56,
      "S4_brier": 0.21669171953281574
    },
    {
      "candidate": "raw_timeline_composite",
      "full_logloss": 0.5867635033763362,
      "last_logloss": 0.5906694851191787,
      "full_delta_vs_anchor": -0.009066247717038789,
      "last_delta_vs_anchor": -0.002612721679155716,
      "fold_std": 0.010545737352463844,
      "tail3_mean": 0.5916305729937839,
      "tail3_worst": 0.6052829106555274,
      "fold0_logloss": 0.5846233384675699,
      "fold1_logloss": 0.575264599783635,
      "fold2_logloss": 0.6052829106555274,
      "fold3_logloss": 0.5789393232066455,
      "fold4_logloss": 0.5906694851191787,
      "Q1_fp_rate": 0.16,
      "Q1_fn_rate": 0.15333333333333332,
      "Q1_pred_pos_rate": 0.5022222222222222,
      "Q1_true_pos_rate": 0.4955555555555556,
      "Q1_brier": 0.202586447360489,
      "Q2_fp_rate": 0.29777777777777775,
      "Q2_fn_rate": 0.19333333333333333,
      "Q2_pred_pos_rate": 0.6666666666666666,
      "Q2_true_pos_rate": 0.5622222222222222,
      "Q2_brier": 0.2420042036720948,
      "Q3_fp_rate": 0.24222222222222223,
      "Q3_fn_rate": 0.15777777777777777,
      "Q3_pred_pos_rate": 0.6844444444444444,
      "Q3_true_pos_rate": 0.6,
      "Q3_brier": 0.2316016403516717,
      "S1_fp_rate": 0.14666666666666667,
      "S1_fn_rate": 0.08,
      "S1_pred_pos_rate": 0.7488888888888889,
      "S1_true_pos_rate": 0.6822222222222222,
      "S1_brier": 0.15857733380158423,
      "S2_fp_rate": 0.1688888888888889,
      "S2_fn_rate": 0.11333333333333333,
      "S2_pred_pos_rate": 0.7066666666666667,
      "S2_true_pos_rate": 0.6511111111111111,
      "S2_brier": 0.1826034806718568,
      "S3_fp_rate": 0.1688888888888889,
      "S3_fn_rate": 0.10222222222222223,
      "S3_pred_pos_rate": 0.7288888888888889,
      "S3_true_pos_rate": 0.6622222222222223,
      "S3_brier": 0.17830131655285253,
      "S4_fp_rate": 0.20444444444444446,
      "S4_fn_rate": 0.15333333333333332,
      "S4_pred_pos_rate": 0.6111111111111112,
      "S4_true_pos_rate": 0.56,
      "S4_brier": 0.21704263174205377
    },
    {
      "candidate": "raw_timeline_fp_guard",
      "full_logloss": 0.5867635033763362,
      "last_logloss": 0.5906694851191787,
      "full_delta_vs_anchor": -0.009066247717038789,
      "last_delta_vs_anchor": -0.002612721679155716,
      "fold_std": 0.010545737352463844,
      "tail3_mean": 0.5916305729937839,
      "tail3_worst": 0.6052829106555274,
      "fold0_logloss": 0.5846233384675699,
      "fold1_logloss": 0.575264599783635,
      "fold2_logloss": 0.6052829106555274,
      "fold3_logloss": 0.5789393232066455,
      "fold4_logloss": 0.5906694851191787,
      "Q1_fp_rate": 0.16,
      "Q1_fn_rate": 0.15333333333333332,
      "Q1_pred_pos_rate": 0.5022222222222222,
      "Q1_true_pos_rate": 0.4955555555555556,
      "Q1_brier": 0.202586447360489,
      "Q2_fp_rate": 0.29777777777777775,
      "Q2_fn_rate": 0.19333333333333333,
      "Q2_pred_pos_rate": 0.6666666666666666,
      "Q2_true_pos_rate": 0.5622222222222222,
      "Q2_brier": 0.2420042036720948,
      "Q3_fp_rate": 0.24222222222222223,
      "Q3_fn_rate": 0.15777777777777777,
      "Q3_pred_pos_rate": 0.6844444444444444,
      "Q3_true_pos_rate": 0.6,
      "Q3_brier": 0.2316016403516717,
      "S1_fp_rate": 0.14666666666666667,
      "S1_fn_rate": 0.08,
      "S1_pred_pos_rate": 0.7488888888888889,
      "S1_true_pos_rate": 0.6822222222222222,
      "S1_brier": 0.15857733380158423,
      "S2_fp_rate": 0.1688888888888889,
      "S2_fn_rate": 0.11333333333333333,
      "S2_pred_pos_rate": 0.7066666666666667,
      "S2_true_pos_rate": 0.6511111111111111,
      "S2_brier": 0.1826034806718568,
      "S3_fp_rate": 0.1688888888888889,
      "S3_fn_rate": 0.10222222222222223,
      "S3_pred_pos_rate": 0.7288888888888889,
      "S3_true_pos_rate": 0.6622222222222223,
      "S3_brier": 0.17830131655285253,
      "S4_fp_rate": 0.20444444444444446,
      "S4_fn_rate": 0.15333333333333332,
      "S4_pred_pos_rate": 0.6111111111111112,
      "S4_true_pos_rate": 0.56,
      "S4_brier": 0.21704263174205377
    },
    {
      "candidate": "raw_timeline_last",
      "full_logloss": 0.5953672055054672,
      "last_logloss": 0.5727934666213607,
      "full_delta_vs_anchor": -0.0004625455879078144,
      "last_delta_vs_anchor": -0.020488740176973774,
      "fold_std": 0.0187299402807313,
      "tail3_mean": 0.6002681916630904,
      "tail3_worst": 0.6280439020980858,
      "fold0_logloss": 0.5925221059066254,
      "fold1_logloss": 0.5832232813003249,
      "fold2_logloss": 0.6280439020980858,
      "fold3_logloss": 0.5999672062698247,
      "fold4_logloss": 0.5727934666213607,
      "Q1_fp_rate": 0.16,
      "Q1_fn_rate": 0.15333333333333332,
      "Q1_pred_pos_rate": 0.5022222222222222,
      "Q1_true_pos_rate": 0.4955555555555556,
      "Q1_brier": 0.202586447360489,
      "Q2_fp_rate": 0.32666666666666666,
      "Q2_fn_rate": 0.14,
      "Q2_pred_pos_rate": 0.7488888888888889,
      "Q2_true_pos_rate": 0.5622222222222222,
      "Q2_brier": 0.2516703966701588,
      "Q3_fp_rate": 0.32222222222222224,
      "Q3_fn_rate": 0.07333333333333333,
      "Q3_pred_pos_rate": 0.8488888888888889,
      "Q3_true_pos_rate": 0.6,
      "Q3_brier": 0.23024102350764095,
      "S1_fp_rate": 0.20444444444444446,
      "S1_fn_rate": 0.042222222222222223,
      "S1_pred_pos_rate": 0.8444444444444444,
      "S1_true_pos_rate": 0.6822222222222222,