{
  "source_dir": "research/constrained_target_blend_logit_newton",
  "source_name": "full",
  "candidate_scores": [
    {
      "candidate": "q1_s2down_s4up",
      "full_logloss": 0.5935098503573509,
      "last_logloss": 0.5847787352024095,
      "fold_std": 0.014803021056375515,
      "tail3_worst": 0.6221954652602477,
      "test_abs_delta_mean_vs_anchor": 0.006614920731023316,
      "fold0_logloss": 0.5904038706991594,
      "fold1_logloss": 0.5801704821707023,
      "fold2_logloss": 0.6221954652602477,
      "fold3_logloss": 0.5905072267224976,
      "fold4_logloss": 0.5847787352024095,
      "Q1_last_logloss": 0.606532805999241,
      "Q2_last_logloss": 0.6380843693004014,
      "Q3_last_logloss": 0.6346920082407534,
      "S1_last_logloss": 0.4495444660169762,
      "S2_last_logloss": 0.5857345868532025,
      "S3_last_logloss": 0.6006790249905736,
      "S4_last_logloss": 0.5781838850157192,
      "recipe_Q1": "full",
      "recipe_S2": "down",
      "recipe_S4": "up",
      "recipe_alpha": 1.0
    },
    {
      "candidate": "q1_s2down_s4full",
      "full_logloss": 0.5932837793178657,
      "last_logloss": 0.585600815844418,
      "fold_std": 0.014773799957248803,
      "tail3_worst": 0.6212872045019564,
      "test_abs_delta_mean_vs_anchor": 0.011672012927192587,
      "fold0_logloss": 0.5912544395298548,
      "fold1_logloss": 0.5778382451279832,
      "fold2_logloss": 0.6212872045019564,
      "fold3_logloss": 0.5909440141550462,
      "fold4_logloss": 0.585600815844418,
      "Q1_last_logloss": 0.606532805999241,
      "Q2_last_logloss": 0.6380843693004014,
      "Q3_last_logloss": 0.6346920082407534,
      "S1_last_logloss": 0.4495444660169762,
      "S2_last_logloss": 0.5857345868532025,
      "S3_last_logloss": 0.6006790249905736,
      "S4_last_logloss": 0.5839384495097777,
      "recipe_Q1": "full",
      "recipe_S2": "down",
      "recipe_S4": "full",
      "recipe_alpha": 1.0
    },
    {
      "candidate": "q1_s2full_s4up",
      "full_logloss": 0.5934268617429345,
      "last_logloss": 0.5857436334614184,
      "fold_std": 0.014863963496049827,
      "tail3_worst": 0.6222430711220766,
      "test_abs_delta_mean_vs_anchor": 0.008200472698819202,
      "fold0_logloss": 0.5907974445642133,
      "fold1_logloss": 0.579584984490631,
      "fold2_logloss": 0.6222430711220766,
      "fold3_logloss": 0.5893241522979064,
      "fold4_logloss": 0.5857436334614184,
      "Q1_last_logloss": 0.606532805999241,
      "Q2_last_logloss": 0.6380843693004014,
      "Q3_last_logloss": 0.6346920082407534,
      "S1_last_logloss": 0.4495444660169762,
      "S2_last_logloss": 0.5924888746662645,
      "S3_last_logloss": 0.6006790249905736,
      "S4_last_logloss": 0.5781838850157192,
      "recipe_Q1": "full",
      "recipe_S2": "full",
      "recipe_S4": "up",
      "recipe_alpha": 1.0
    },
    {
      "candidate": "q1_s2down75_s4up75",
      "full_logloss": 0.5938229791291771,
      "last_logloss": 0.5861989026038356,
      "fold_std": 0.014546319681854374,
      "tail3_worst": 0.6220870829641011,
      "test_abs_delta_mean_vs_anchor": 0.005597623621918371,
      "fold0_logloss": 0.5904383021252164,
      "fold1_logloss": 0.5804576807085032,
      "fold2_logloss": 0.6220870829641011,
      "fold3_logloss": 0.5905108015339934,
      "fold4_logloss": 0.5861989026038356,
      "Q1_last_logloss": 0.606532805999241,
      "Q2_last_logloss": 0.6380843693004014,
      "Q3_last_logloss": 0.6346920082407534,
      "S1_last_logloss": 0.4495444660169762,
      "S2_last_logloss": 0.5932345845208684,
      "S3_last_logloss": 0.6006790249905736,
      "S4_last_logloss": 0.5806250591580348,
      "recipe_Q1": "full",
      "recipe_S2": "down_damped",
      "recipe_S4": "up_damped",
      "recipe_alpha": 0.75
    },
    {
      "candidate": "q1_s2down_only",
      "full_logloss": 0.5944488735975347,
      "last_logloss": 0.5862745208631627,
      "fold_std": 0.014441779445440929,
      "tail3_worst": 0.6226043066962007,
      "test_abs_delta_mean_vs_anchor": 0.005469865872052533,
      "fold0_logloss": 0.5915362989923085,
      "fold1_logloss": 0.581821524106641,
      "fold2_logloss": 0.6226043066962007,
      "fold3_logloss": 0.5905249753657419,
      "fold4_logloss": 0.5862745208631627,
      "Q1_last_logloss": 0.606532805999241,
      "Q2_last_logloss": 0.6380843693004014,
      "Q3_last_logloss": 0.6346920082407534,
      "S1_last_logloss": 0.4495444660169762,
      "S2_last_logloss": 0.5857345868532025,
      "S3_last_logloss": 0.6006790249905736,
      "S4_last_logloss": 0.5886543846409902,
      "recipe_Q1": "full",
      "recipe_S2": "down",
      "recipe_S4": "anchor",
      "recipe_alpha": 1.0
    },
    {
      "candidate": "s2down_s4up_noq1",
      "full_logloss": 0.5938608476197063,
      "last_logloss": 0.5864891731315485,
      "fold_std": 0.01463616618742405,
      "tail3_worst": 0.6223397382574352,
      "test_abs_delta_mean_vs_anchor": 0.004069188436419778,
      "fold0_logloss": 0.5916022661623862,
      "fold1_logloss": 0.5806335993076207,
      "fold2_logloss": 0.6223397382574352,
      "fold3_logloss": 0.5887915596001291,
      "fold4_logloss": 0.5864891731315485,
      "Q1_last_logloss": 0.6185058715032128,
      "Q2_last_logloss": 0.6380843693004014,
      "Q3_last_logloss": 0.6346920082407534,
      "S1_last_logloss": 0.4495444660169762,
      "S2_last_logloss": 0.5857345868532025,
      "S3_last_logloss": 0.6006790249905736,
      "S4_last_logloss": 0.5781838850157192,
      "recipe_Q1": "anchor",
      "recipe_S2": "down",
      "recipe_S4": "up",
      "recipe_alpha": 1.0
    },
    {
      "candidate": "q1_s2down50_s4up50",
      "full_logloss": 0.5942463587255078,
      "last_logloss": 0.5877806378296395,
      "fold_std": 0.01429928330747542,
      "tail3_worst": 0.6220642507228973,
      "test_abs_delta_mean_vs_anchor": 0.004580326512813427,
      "fold0_logloss": 0.5906155456888621,
      "fold1_logloss": 0.5808170297269442,
      "fold2_logloss": 0.6220642507228973,
      "fold3_logloss": 0.590604687931323,
      "fold4_logloss": 0.5877806378296395,
      "Q1_last_logloss": 0.606532805999241,
      "Q2_last_logloss": 0.6380843693004014,
      "Q3_last_logloss": 0.6346920082407534,
      "S1_last_logloss": 0.4495444660169762,
      "S2_last_logloss": 0.6017554170908465,
      "S3_last_logloss": 0.6006790249905736,
      "S4_last_logloss": 0.5831763731686845,
      "recipe_Q1": "full",
      "recipe_S2": "down_damped",
      "recipe_S4": "up_damped",
      "recipe_alpha": 0.5
    },
    {
      "candidate": "s2down_only_noq1",
      "full_logloss": 0.5947998708598901,
      "last_logloss": 0.5879849587923014,
      "fold_std": 0.014312880655138022,
      "tail3_worst": 0.6227485796933881,
      "test_abs_delta_mean_vs_anchor": 0.002924133577448994,
      "fold0_logloss": 0.5927346944555352,
      "fold1_logloss": 0.5822846412435593,
      "fold2_logloss": 0.6227485796933881,
      "fold3_logloss": 0.5888093082433734,
      "fold4_logloss": 0.5879849587923014,
      "Q1_last_logloss": 0.6185058715032128,
      "Q2_last_logloss": 0.6380843693004014,
      "Q3_last_logloss": 0.6346920082407534,
      "S1_last_logloss": 0.4495444660169762,
      "S2_last_logloss": 0.5857345868532025,
      "S3_last_logloss": 0.6006790249905736,
      "S4_last_logloss": 0.5886543846409902,
      "recipe_Q1": "anchor",
      "recipe_S2": "down",
      "recipe_S4": "anchor",
      "recipe_alpha": 1.0
    },
    {
      "candidate": "q1_s2down25_s4up25",
      "full_logloss": 0.5947916485077128,
      "last_logloss": 0.589555601665794,
      "fold_std": 0.014061767688786246,
      "tail3_worst": 0.6221272387263771,
      "test_abs_delta_mean_vs_anchor": 0.003563029403708482,
      "fold0_logloss": 0.5909498707875052,
      "fold1_logloss": 0.5812471266019262,
      "fold2_logloss": 0.6221272387263771,
      "fold3_logloss": 0.590803213553504,
      "fold4_logloss": 0.589555601665794,
      "Q1_last_logloss": 0.606532805999241,