{
  "purpose": "Target-specific compact raw timeline single-model sources with FP diagnostics.",
  "feature_matrix": {
    "train_shape": [
      450,
      1920
    ],
    "test_shape": [
      250,
      1920
    ]
  },
  "scopes": [
    "target"
  ],
  "profiles": [
    "compact"
  ],
  "weight_profiles": [
    "uniform"
  ],
  "top_k_grid": [
    20
  ],
  "seeds": [
    42
  ],
  "early_stopping_rounds": 8,
  "anchor": {
    "full_logloss": 0.595829751093375,
    "last_logloss": 0.5932822067983344
  },
  "candidate_scores": [
    {
      "candidate": "raw_timeline_full",
      "full_logloss": 0.5941510272809197,
      "last_logloss": 0.5952634457344493,
      "full_delta_vs_anchor": -0.0016787238124552628,
      "last_delta_vs_anchor": 0.001981238936114904,
      "fold_std": 0.008995033823094868,
      "tail3_mean": 0.5984045530982688,
      "tail3_worst": 0.6104472552822845,
      "fold0_logloss": 0.5927526344992066,
      "fold1_logloss": 0.5834608949825874,
      "fold2_logloss": 0.6104472552822845,
      "fold3_logloss": 0.5895029582780723,
      "fold4_logloss": 0.5952634457344493,
      "Q1_fp_rate": 0.13777777777777778,
      "Q1_fn_rate": 0.16666666666666666,
      "Q1_pred_pos_rate": 0.4666666666666667,
      "Q1_true_pos_rate": 0.4955555555555556,
      "Q1_brier": 0.20246830232784183,
      "Q2_fp_rate": 0.3466666666666667,
      "Q2_fn_rate": 0.11333333333333333,
      "Q2_pred_pos_rate": 0.7955555555555556,
      "Q2_true_pos_rate": 0.5622222222222222,
      "Q2_brier": 0.24575992264376934,
      "Q3_fp_rate": 0.3466666666666667,
      "Q3_fn_rate": 0.05555555555555555,
      "Q3_pred_pos_rate": 0.8911111111111111,
      "Q3_true_pos_rate": 0.6,
      "Q3_brier": 0.23520063215236708,
      "S1_fp_rate": 0.18666666666666668,
      "S1_fn_rate": 0.06,
      "S1_pred_pos_rate": 0.8088888888888889,
      "S1_true_pos_rate": 0.6822222222222222,
      "S1_brier": 0.1605625799834872,
      "S2_fp_rate": 0.22666666666666666,
      "S2_fn_rate": 0.04888888888888889,
      "S2_pred_pos_rate": 0.8288888888888889,
      "S2_true_pos_rate": 0.6511111111111111,
      "S2_brier": 0.18894470492666596,
      "S3_fp_rate": 0.25333333333333335,
      "S3_fn_rate": 0.013333333333333334,
      "S3_pred_pos_rate": 0.9022222222222223,
      "S3_true_pos_rate": 0.6622222222222223,
      "S3_brier": 0.18078573703786902,
      "S4_fp_rate": 0.2288888888888889,
      "S4_fn_rate": 0.13111111111111112,
      "S4_pred_pos_rate": 0.6577777777777778,
      "S4_true_pos_rate": 0.56,
      "S4_brier": 0.21984234296262287
    },
    {
      "candidate": "raw_timeline_composite",
      "full_logloss": 0.5946894461757449,
      "last_logloss": 0.5958424016317624,
      "full_delta_vs_anchor": -0.001140304917630064,
      "last_delta_vs_anchor": 0.0025601948334279534,
      "fold_std": 0.009588634236601223,
      "tail3_mean": 0.5990460098545762,
      "tail3_worst": 0.6125727150936008,
      "fold0_logloss": 0.5922480169043359,
      "fold1_logloss": 0.5848340773400592,
      "fold2_logloss": 0.6125727150936008,
      "fold3_logloss": 0.5887229128383654,
      "fold4_logloss": 0.5958424016317624,
      "Q1_fp_rate": 0.13777777777777778,
      "Q1_fn_rate": 0.16666666666666666,
      "Q1_pred_pos_rate": 0.4666666666666667,
      "Q1_true_pos_rate": 0.4955555555555556,
      "Q1_brier": 0.20246830232784183,
      "Q2_fp_rate": 0.31333333333333335,
      "Q2_fn_rate": 0.16,
      "Q2_pred_pos_rate": 0.7155555555555555,
      "Q2_true_pos_rate": 0.5622222222222222,
      "Q2_brier": 0.24695266808004687,
      "Q3_fp_rate": 0.3466666666666667,
      "Q3_fn_rate": 0.05555555555555555,
      "Q3_pred_pos_rate": 0.8911111111111111,
      "Q3_true_pos_rate": 0.6,
      "Q3_brier": 0.23520063215236708,
      "S1_fp_rate": 0.18666666666666668,
      "S1_fn_rate": 0.06,
      "S1_pred_pos_rate": 0.8088888888888889,
      "S1_true_pos_rate": 0.6822222222222222,
      "S1_brier": 0.1605625799834872,
      "S2_fp_rate": 0.22,
      "S2_fn_rate": 0.06,
      "S2_pred_pos_rate": 0.8111111111111111,
      "S2_true_pos_rate": 0.6511111111111111,
      "S2_brier": 0.18888969591634167,
      "S3_fp_rate": 0.24444444444444444,
      "S3_fn_rate": 0.04666666666666667,
      "S3_pred_pos_rate": 0.86,
      "S3_true_pos_rate": 0.6622222222222223,
      "S3_brier": 0.1810371319176884,
      "S4_fp_rate": 0.2288888888888889,
      "S4_fn_rate": 0.13111111111111112,
      "S4_pred_pos_rate": 0.6577777777777778,
      "S4_true_pos_rate": 0.56,
      "S4_brier": 0.21984234296262287
    },
    {
      "candidate": "raw_timeline_fp_guard",
      "full_logloss": 0.5946894461757449,
      "last_logloss": 0.5958424016317625,
      "full_delta_vs_anchor": -0.001140304917630064,
      "last_delta_vs_anchor": 0.0025601948334280644,
      "fold_std": 0.009588634236601204,
      "tail3_mean": 0.5990460098545762,
      "tail3_worst": 0.6125727150936008,
      "fold0_logloss": 0.5922480169043359,
      "fold1_logloss": 0.5848340773400593,
      "fold2_logloss": 0.6125727150936008,
      "fold3_logloss": 0.5887229128383654,
      "fold4_logloss": 0.5958424016317625,
      "Q1_fp_rate": 0.13777777777777778,
      "Q1_fn_rate": 0.16666666666666666,
      "Q1_pred_pos_rate": 0.4666666666666667,
      "Q1_true_pos_rate": 0.4955555555555556,
      "Q1_brier": 0.20246830232784183,
      "Q2_fp_rate": 0.31333333333333335,
      "Q2_fn_rate": 0.16,
      "Q2_pred_pos_rate": 0.7155555555555555,
      "Q2_true_pos_rate": 0.5622222222222222,
      "Q2_brier": 0.24695266808004687,
      "Q3_fp_rate": 0.3466666666666667,
      "Q3_fn_rate": 0.05555555555555555,
      "Q3_pred_pos_rate": 0.8911111111111111,
      "Q3_true_pos_rate": 0.6,
      "Q3_brier": 0.23520063215236708,
      "S1_fp_rate": 0.18666666666666668,
      "S1_fn_rate": 0.06,
      "S1_pred_pos_rate": 0.8088888888888889,
      "S1_true_pos_rate": 0.6822222222222222,
      "S1_brier": 0.1605625799834872,
      "S2_fp_rate": 0.22,
      "S2_fn_rate": 0.06,
      "S2_pred_pos_rate": 0.8111111111111111,
      "S2_true_pos_rate": 0.6511111111111111,
      "S2_brier": 0.18888969591634167,
      "S3_fp_rate": 0.24444444444444444,
      "S3_fn_rate": 0.04666666666666667,
      "S3_pred_pos_rate": 0.86,
      "S3_true_pos_rate": 0.6622222222222223,
      "S3_brier": 0.18103713191768836,
      "S4_fp_rate": 0.2288888888888889,
      "S4_fn_rate": 0.13111111111111112,
      "S4_pred_pos_rate": 0.6577777777777778,
      "S4_true_pos_rate": 0.56,
      "S4_brier": 0.21984234296262287
    },
    {
      "candidate": "raw_timeline_last",
      "full_logloss": 0.5960189982081637,
      "last_logloss": 0.5911673180013606,
      "full_delta_vs_anchor": 0.00018924711478873757,
      "last_delta_vs_anchor": -0.0021148887969738572,
      "fold_std": 0.013261231514238662,
      "tail3_mean": 0.6011053917591566,
      "tail3_worst": 0.6217242455353768,
      "fold0_logloss": 0.5940153090566351,
      "fold1_logloss": 0.5833791156885485,
      "fold2_logloss": 0.6217242455353768,
      "fold3_logloss": 0.5904246117407322,
      "fold4_logloss": 0.5911673180013606,
      "Q1_fp_rate": 0.13777777777777778,
      "Q1_fn_rate": 0.16666666666666666,
      "Q1_pred_pos_rate": 0.4666666666666667,
      "Q1_true_pos_rate": 0.4955555555555556,
      "Q1_brier": 0.20246830232784183,
      "Q2_fp_rate": 0.31555555555555553,
      "Q2_fn_rate": 0.14888888888888888,
      "Q2_pred_pos_rate": 0.7288888888888889,
      "Q2_true_pos_rate": 0.5622222222222222,
      "Q2_brier": 0.24960890173712338,
      "Q3_fp_rate": 0.3466666666666667,
      "Q3_fn_rate": 0.05555555555555555,
      "Q3_pred_pos_rate": 0.8911111111111111,
      "Q3_true_pos_rate": 0.6,
      "Q3_brier": 0.23520063215236708,
      "S1_fp_rate": 0.20222222222222222,
      "S1_fn_rate": 0.044444444444444446,
      "S1_pred_pos_rate": 0.84,
      "S1_true_pos_rate": 0.6822222222222222,
      "S1_brier": 0.1622664444717711,
      "S2_fp_rate": 0.22,
      "S2_fn_rate": 0.06,
      "S2_pred_pos_rate": 0.8111111111111111,