target,source,full_logloss,last_logloss,full_delta_vs_anchor,rank_score,fold0_logloss,fold1_logloss,fold2_logloss,fold3_logloss,fold4_logloss,selection_mode
Q1,ridge_residual_composite,0.5924672431978325,0.6135258829518379,0.002042359326204779,0.6192699014872367,0.5542367210370405,0.630689163826357,0.5918052744143457,0.5751262948674579,0.6135258829518379,last
Q2,ridge_residual_composite,0.6943304631474775,0.6338739480475895,0.001450606523554998,0.65232989043294,0.7203734682589511,0.6237606727621126,0.7946798019842466,0.6971417533159723,0.6338739480475895,last
Q3,ridge_residual_composite,0.6649253303028172,0.6308070941742566,0.0022447841746164876,0.6437533399754468,0.693174153349425,0.6762352203845322,0.706220023178338,0.6160602633909271,0.6308070941742566,last
S1,ridge_residual_composite,0.49241046826616464,0.44635203258277484,5.831505231262968e-05,0.4518044573473173,0.47342837836162377,0.4895871916047168,0.5252448704513942,0.5263198787926597,0.44635203258277484,last
S2,ridge_residual_composite,0.5628226857156599,0.6059516973098132,0.002702280025951631,0.6164969600014459,0.5983396561734854,0.5219377723767229,0.5328453528225819,0.5553331717534365,0.6059516973098132,last
S3,logit:ridge_residual_composite:0.65+knn_targetwise_guarded:0.35,0.543002217199687,0.5985645544050635,0.001450842677998887,0.6073387728087508,0.507323243963125,0.5312236697519669,0.5697775021112029,0.5142365747880997,0.5985645544050635,last
S4,logit:ridge_residual_composite:0.65+ridge_residual_full:0.35,0.6297583930315469,0.584279987753213,-0.0010406445730780645,0.5909977156977347,0.6557849185757384,0.5971297740862617,0.6435918534361109,0.6643188801785752,0.584279987753213,last
