target,source,full_logloss,last_logloss,full_delta_vs_anchor,rank_score,fold0_logloss,fold1_logloss,fold2_logloss,fold3_logloss,fold4_logloss,selection_mode
Q1,arith:ridge_residual_composite:0.80+ridge_residual_full:0.20,0.5907105098616053,0.61435817865119,0.00028562598997761146,0.618892603013076,0.5497558708136984,0.6284105330762898,0.589326266762065,0.57501545648424,0.61435817865119,composite
Q2,arith:ridge_residual_composite:0.80+ridge_residual_full:0.20,0.693025082645073,0.6339898460190495,0.00014522602115052408,0.651583275245033,0.7192482570485388,0.6236180322501674,0.7941997530164753,0.692359853393818,0.6339898460190495,composite
Q3,arith:ridge_residual_composite:0.80+ridge_residual_full:0.20,0.6644061739423034,0.6315311422438932,0.0017256278141026815,0.6437159921189383,0.6933858323192359,0.6754734928788246,0.7039347541234202,0.6155673725070793,0.6315311422438932,composite
S1,arith:anchor:0.20+ridge_residual_composite:0.80,0.4920757193959629,0.44645430864423685,-0.00027643381788911014,0.45179679753809354,0.4725810309561877,0.48888988474964207,0.5254034481423067,0.5259975450971971,0.44645430864423685,composite
S2,logit:ridge_residual_composite:0.65+ridge_residual_full:0.35,0.5602930762003447,0.6069113860698571,0.00017267051063651895,0.6157641982851372,0.5907679627358868,0.5213062745363879,0.5305118397752954,0.5527202981458321,0.6069113860698571,composite
S3,logit:ridge_residual_composite:0.65+knn_targetwise_guarded:0.35,0.543002217199687,0.5985645544050635,0.001450842677998887,0.6073387728087508,0.507323243963125,0.5312236697519669,0.5697775021112029,0.5142365747880997,0.5985645544050635,composite
S4,logit:ridge_residual_composite:0.50+ridge_residual_full:0.50,0.6293853826378858,0.5842825559679209,-0.0014136549667391751,0.5909845637989573,0.6551668354453191,0.5964867199794143,0.6432905423454721,0.6640516078894696,0.5842825559679209,composite
