target,source,full_logloss,last_logloss,full_delta_vs_anchor,rank_score,fold0_logloss,fold1_logloss,fold2_logloss,fold3_logloss,fold4_logloss,selection_mode
Q1,ridge_residual_full,0.587182961439304,0.6189710553426604,-0.003241922432323685,0.6240551337782951,0.539013659913167,0.6204300253172846,0.5862006865952916,0.5754802475555074,0.6189710553426604,full
Q2,ridge_residual_full,0.6898804919422968,0.635809916022891,-0.002999364681625649,0.6539460876133071,0.7163148594559958,0.6246409071443026,0.7930545218245842,0.6782565537700364,0.635809916022891,full
Q3,anchor,0.6626805461282007,0.6346920082407534,0.0,0.6442038137020795,0.6945061214538464,0.6727576578357087,0.6955517920765923,0.613734493992541,0.6346920082407534,full
S1,ridge_residual_full,0.4910643082509548,0.4485522902351876,-0.0012878449628971889,0.4537625358044009,0.4696506533200237,0.48661541063478503,0.5242551146298274,0.5254805442016071,0.4485522902351876,full
S2,logit:anchor:0.20+ridge_residual_full:0.80,0.5578069729497175,0.6127953018623451,-0.0023134327399907395,0.6225452560831378,0.5760523172695928,0.5226642982280154,0.5273138459506576,0.5520274444621424,0.6127953018623451,full
S3,ridge_residual_full,0.538635945098123,0.6062560555155727,-0.0029154294235651523,0.6162044136056725,0.5051657892552961,0.5251187969903021,0.5604144136290202,0.5028723260506296,0.6062560555155727,full
S4,ridge_residual_full,0.6288064158993424,0.5855204897697137,-0.0019926217052825823,0.5921701990219934,0.6535509814756131,0.5947127026284709,0.6427553370464525,0.664010732800181,0.5855204897697137,full
